{"assets/icons/icon.png":["assets/icons/icon.png"],"assets/icons/instagram.svg":["assets/icons/instagram.svg"],"assets/icons/internet.svg":["assets/icons/internet.svg"],"assets/icons/tiktok.svg":["assets/icons/tiktok.svg"],"assets/icons/website.svg":["assets/icons/website.svg"],"assets/images/1-2.jpeg":["assets/images/1-2.jpeg"],"assets/images/2-2.jpeg":["assets/images/2-2.jpeg"],"assets/images/3-2.jpeg":["assets/images/3-2.jpeg"],"assets/images/4-2.jpeg":["assets/images/4-2.jpeg"],"assets/images/HPK_herb-Logon.png":["assets/images/HPK_herb-Logon.png"],"assets/images/googleimage.png":["assets/images/googleimage.png"],"assets/images/hpk.jpeg":["assets/images/hpk.jpeg"],"assets/images/hpk2.jpeg":["assets/images/hpk2.jpeg"],"assets/images/news1.jpeg":["assets/images/news1.jpeg"],"assets/images/news2.jpeg":["assets/images/news2.jpeg"],"packages/cupertino_icons/assets/CupertinoIcons.ttf":["packages/cupertino_icons/assets/CupertinoIcons.ttf"]}